2A,,,,
2B,,,,
2C,,,,
2D,0.2,0.195,0.062,0.068
3A,0.284,0.281,0.118,0.125
3B,0.267,0.31,0.104,0.11
3C,0.288,0.234,0.132,0.117
4A,0.337,0.32,0.157,0.148
4B,0.314,0.344,0.168,0.181
7A,,,,
7B,0.267,0.277,0.137,0.179
7C,,,,
7D,,,,
7E,,,,
7F,0.22,0.26,0.145,0.148
A,,,,
C,,,,
D,0.302,0.265,0.161,0.116
E,,,,
F,,,,
G,,,,
H,,,,
5A,,,,
5B,,,,
5C,,,,
5D,,,,
5E,,,,
5F,,,,
5G,,,,
5H,,,,
5I,0.237,0.179,0.105,0.092
18A,0.307,0.246,0.143,0.13
18B,0.274,0.262,0.131,0.114
18C,0.274,0.236,0.139,0.112
18D,0.244,0.29,0.127,0.147
18E,,,,
18F,,,,
18G,0.278,0.255,0.111,0.125
20A,,,,
20B,0.32,0.29,0.146,0.174
20C,,,,
20D,0.299,0.273,0.15,0.132
20E,0.241,0.201,0.137,0.107
20F,,,,
20G,0.241,0.268,0.135,0.113
34A,0.326,0.299,0.136,
34B,0.298,0.277,0.122,0.123
34C,0.274,0.292,0.142,0.145
34D,0.238,0.25,0.109,0.114
34E,,,,
34F,0.262,0.262,0.151,0.157
34G,0.255,0.303,0.12,0.131
34H,0.253,0.297,0.136,0.138
34I,0.23,0.249,0.129,0.125
34J,,,,
46A,0.309,0.286,0.11,0.107
46B,,,,
80E,,,,
80F,,,,
80G,,,,
